id;department_name;street_address;postal_code;city;state_province
1;Virtual;transmitter Seychelles Rupee;AGP Tools New Hampshire;East Alice;metrics
2;scalable;capability;TCP blue Representative;Keeblertown;Iraq
3;Cloned Wisconsin;France parsing instruction set;Cotton Savings Account;Davonteborough;Sleek Soft Ball
4;Won;bypassing;Lights Courts;Port Andersonhaven;Alabama
5;distributed;Universal Executive;override South Dakota;West Blazefurt;virtual Computer
6;protocol Identity;schemas program;Grocery;East Tevinfurt;Licensed Home Loan Account New York
7;Hawaii;back-end;Tasty;Marquisstad;encryption payment Associate
8;Clothing bus connect;Frozen online orchestrate;Jamaican Dollar Sausages program;North Lizeth;overriding intuitive
9;Quality Lithuania empower;deposit;Electronics New Hampshire Innovative;Lake Fabianchester;national
10;Estate Shoes;deposit;port;Gisselleville;Berkshire Direct
