id;document_name;start_date;end_date
1;invoice infomediaries;2020-04-22T21:40:32;2020-04-23T08:26:09
2;Fantastic Universal;2020-04-23T09:31:25;2020-04-23T06:23:17
3;Forint transparent;2020-04-23T14:19:59;2020-04-22T23:13:45
4;Serbia wireless navigate;2020-04-23T03:11:01;2020-04-23T08:30:12
5;Chicken Automotive azure;2020-04-23T02:53:42;2020-04-22T23:11:22
6;hacking Aruban Guilder grey;2020-04-23T15:43:31;2020-04-23T09:35:47
7;Metal Rwanda Down-sized;2020-04-23T11:06:42;2020-04-23T08:07:04
8;Chicken;2020-04-22T23:33:34;2020-04-22T20:39:55
9;white;2020-04-23T12:48:29;2020-04-23T01:56:54
10;AGP Cambridgeshire payment;2020-04-23T00:16:12;2020-04-23T05:26:05
